{"test_near_iou":0,"_timestamp":1.7648330984085028e+09,"train_near_iou":0,"train_loss_near":89.27727983470483,"test_vol_iou":0,"_runtime":3532,"epoch":10,"_step":10,"train_loss_surface":0.5117272797034419,"test_loss_vol":0,"train_lr":6.5402763379150005e-06,"train_vol_iou":0,"train_loss_vol":89.38828857014067,"train_loss_eikonal":0.996726168821543,"test_loss_near":90.57980758666992,"_wandb":{"runtime":3532},"n_parameters":425188401,"test_iou":0,"test_loss_surface":0.5632701802253723,"test_loss":906.3613659667968,"train_loss":982.6737901989229}