{"train_near_iou":0,"train_vol_iou":0,"epoch":15,"n_parameters":425188401,"train_loss_vol":73.96342656872586,"train_lr":9.998828073257458e-05,"test_loss_vol":0,"_step":15,"_wandb":{"runtime":4986},"test_loss":760.1416247558594,"test_iou":0,"test_near_iou":0,"_timestamp":1.7648383105875597e+09,"train_loss":828.4188046869563,"train_loss_near":73.85176410972409,"_runtime":4986,"train_loss_eikonal":0.992600465272211,"train_loss_surface":15.936757495514799,"test_loss_near":74.33308380126954,"test_loss_surface":16.810808219909667,"test_vol_iou":0}